<alloy builddate="2008/10/27 23:45 EDT">

<instance bitwidth="5" maxseq="4" command="Run noFrags for 5 int, 1 ClassModel, exactly 5 Class, exactly 25 Attribute, exactly 4 PrimitiveDataType, exactly 15 Association" filename="">

<sig label="univ" ID="0" builtin="yes">
   <atom label="ClassModel$0"/>
   <atom label="PrimitiveDataType$0"/>
   <atom label="PrimitiveDataType$1"/>
   <atom label="PrimitiveDataType$2"/>
   <atom label="PrimitiveDataType$3"/>
   <atom label="Class$0"/>
   <atom label="Class$1"/>
   <atom label="Class$2"/>
   <atom label="Class$3"/>
   <atom label="Class$4"/>
   <atom label="Association$0"/>
   <atom label="Association$1"/>
   <atom label="Association$2"/>
   <atom label="Association$3"/>
   <atom label="Association$4"/>
   <atom label="Association$5"/>
   <atom label="Association$6"/>
   <atom label="Association$7"/>
   <atom label="Association$8"/>
   <atom label="Association$9"/>
   <atom label="Association$10"/>
   <atom label="Association$11"/>
   <atom label="Association$12"/>
   <atom label="Association$13"/>
   <atom label="Association$14"/>
   <atom label="Attribute$0"/>
   <atom label="Attribute$1"/>
   <atom label="Attribute$2"/>
   <atom label="Attribute$3"/>
   <atom label="Attribute$4"/>
   <atom label="Attribute$5"/>
   <atom label="Attribute$6"/>
   <atom label="Attribute$7"/>
   <atom label="Attribute$8"/>
   <atom label="Attribute$9"/>
   <atom label="Attribute$10"/>
   <atom label="Attribute$11"/>
   <atom label="Attribute$12"/>
   <atom label="Attribute$13"/>
   <atom label="Attribute$14"/>
   <atom label="Attribute$15"/>
   <atom label="Attribute$16"/>
   <atom label="Attribute$17"/>
   <atom label="Attribute$18"/>
   <atom label="Attribute$19"/>
   <atom label="Attribute$20"/>
   <atom label="Attribute$21"/>
   <atom label="Attribute$22"/>
   <atom label="Attribute$23"/>
   <atom label="Attribute$24"/>
   <atom label="Bool/True"/>
   <atom label="Bool/False"/>
   <atom label="-16"/>
   <atom label="-15"/>
   <atom label="-14"/>
   <atom label="-13"/>
   <atom label="-12"/>
   <atom label="-11"/>
   <atom label="-10"/>
   <atom label="-9"/>
   <atom label="-8"/>
   <atom label="-7"/>
   <atom label="-6"/>
   <atom label="-5"/>
   <atom label="-4"/>
   <atom label="-3"/>
   <atom label="-2"/>
   <atom label="-1"/>
   <atom label="0"/>
   <atom label="1"/>
   <atom label="2"/>
   <atom label="3"/>
   <atom label="4"/>
   <atom label="5"/>
   <atom label="6"/>
   <atom label="7"/>
   <atom label="8"/>
   <atom label="9"/>
   <atom label="10"/>
   <atom label="11"/>
   <atom label="12"/>
   <atom label="13"/>
   <atom label="14"/>
   <atom label="15"/>
</sig>

<sig label="Int" ID="1" parentID="0" builtin="yes">
   <atom label="-16"/>
   <atom label="-15"/>
   <atom label="-14"/>
   <atom label="-13"/>
   <atom label="-12"/>
   <atom label="-11"/>
   <atom label="-10"/>
   <atom label="-9"/>
   <atom label="-8"/>
   <atom label="-7"/>
   <atom label="-6"/>
   <atom label="-5"/>
   <atom label="-4"/>
   <atom label="-3"/>
   <atom label="-2"/>
   <atom label="-1"/>
   <atom label="0"/>
   <atom label="1"/>
   <atom label="2"/>
   <atom label="3"/>
   <atom label="4"/>
   <atom label="5"/>
   <atom label="6"/>
   <atom label="7"/>
   <atom label="8"/>
   <atom label="9"/>
   <atom label="10"/>
   <atom label="11"/>
   <atom label="12"/>
   <atom label="13"/>
   <atom label="14"/>
   <atom label="15"/>
</sig>

<sig label="seq/Int" ID="2" parentID="1" builtin="yes">
   <atom label="0"/>
   <atom label="1"/>
   <atom label="2"/>
   <atom label="3"/>
</sig>

<sig label="ClassModel" ID="3" parentID="0">
   <atom label="ClassModel$0"/>
</sig>

<field label="classifier" ID="4" parentID="3">
   <tuple> <atom label="ClassModel$0"/> <atom label="PrimitiveDataType$0"/> </tuple>
   <tuple> <atom label="ClassModel$0"/> <atom label="PrimitiveDataType$1"/> </tuple>
   <tuple> <atom label="ClassModel$0"/> <atom label="PrimitiveDataType$2"/> </tuple>
   <tuple> <atom label="ClassModel$0"/> <atom label="PrimitiveDataType$3"/> </tuple>
   <tuple> <atom label="ClassModel$0"/> <atom label="Class$0"/> </tuple>
   <tuple> <atom label="ClassModel$0"/> <atom label="Class$1"/> </tuple>
   <tuple> <atom label="ClassModel$0"/> <atom label="Class$2"/> </tuple>
   <tuple> <atom label="ClassModel$0"/> <atom label="Class$3"/> </tuple>
   <tuple> <atom label="ClassModel$0"/> <atom label="Class$4"/> </tuple>
   <types> <type ID="3"/> <type ID="5"/> </types>
</field>

<field label="association" ID="6" parentID="3">
   <tuple> <atom label="ClassModel$0"/> <atom label="Association$0"/> </tuple>
   <tuple> <atom label="ClassModel$0"/> <atom label="Association$1"/> </tuple>
   <tuple> <atom label="ClassModel$0"/> <atom label="Association$2"/> </tuple>
   <tuple> <atom label="ClassModel$0"/> <atom label="Association$3"/> </tuple>
   <tuple> <atom label="ClassModel$0"/> <atom label="Association$4"/> </tuple>
   <tuple> <atom label="ClassModel$0"/> <atom label="Association$5"/> </tuple>
   <tuple> <atom label="ClassModel$0"/> <atom label="Association$6"/> </tuple>
   <tuple> <atom label="ClassModel$0"/> <atom label="Association$7"/> </tuple>
   <tuple> <atom label="ClassModel$0"/> <atom label="Association$8"/> </tuple>
   <tuple> <atom label="ClassModel$0"/> <atom label="Association$9"/> </tuple>
   <tuple> <atom label="ClassModel$0"/> <atom label="Association$10"/> </tuple>
   <tuple> <atom label="ClassModel$0"/> <atom label="Association$11"/> </tuple>
   <tuple> <atom label="ClassModel$0"/> <atom label="Association$12"/> </tuple>
   <tuple> <atom label="ClassModel$0"/> <atom label="Association$13"/> </tuple>
   <tuple> <atom label="ClassModel$0"/> <atom label="Association$14"/> </tuple>
   <types> <type ID="3"/> <type ID="7"/> </types>
</field>

<sig label="Classifier" ID="5" parentID="0" abstract="yes">
   <atom label="PrimitiveDataType$0"/>
   <atom label="PrimitiveDataType$1"/>
   <atom label="PrimitiveDataType$2"/>
   <atom label="PrimitiveDataType$3"/>
   <atom label="Class$0"/>
   <atom label="Class$1"/>
   <atom label="Class$2"/>
   <atom label="Class$3"/>
   <atom label="Class$4"/>
</sig>

<field label="name" ID="8" parentID="5">
   <tuple> <atom label="PrimitiveDataType$0"/> <atom label="-14"/> </tuple>
   <tuple> <atom label="PrimitiveDataType$1"/> <atom label="15"/> </tuple>
   <tuple> <atom label="PrimitiveDataType$2"/> <atom label="14"/> </tuple>
   <tuple> <atom label="PrimitiveDataType$3"/> <atom label="-16"/> </tuple>
   <tuple> <atom label="Class$0"/> <atom label="10"/> </tuple>
   <tuple> <atom label="Class$1"/> <atom label="13"/> </tuple>
   <tuple> <atom label="Class$2"/> <atom label="12"/> </tuple>
   <tuple> <atom label="Class$3"/> <atom label="9"/> </tuple>
   <tuple> <atom label="Class$4"/> <atom label="-5"/> </tuple>
   <types> <type ID="5"/> <type ID="1"/> </types>
</field>

<sig label="PrimitiveDataType" ID="9" parentID="5">
   <atom label="PrimitiveDataType$0"/>
   <atom label="PrimitiveDataType$1"/>
   <atom label="PrimitiveDataType$2"/>
   <atom label="PrimitiveDataType$3"/>
</sig>

<sig label="Class" ID="10" parentID="5">
   <atom label="Class$0"/>
   <atom label="Class$1"/>
   <atom label="Class$2"/>
   <atom label="Class$3"/>
   <atom label="Class$4"/>
</sig>

<field label="is_persistent" ID="11" parentID="10">
   <tuple> <atom label="Class$0"/> <atom label="Bool/True"/> </tuple>
   <tuple> <atom label="Class$1"/> <atom label="Bool/True"/> </tuple>
   <tuple> <atom label="Class$2"/> <atom label="Bool/False"/> </tuple>
   <tuple> <atom label="Class$3"/> <atom label="Bool/False"/> </tuple>
   <tuple> <atom label="Class$4"/> <atom label="Bool/True"/> </tuple>
   <types> <type ID="10"/> <type ID="12"/> </types>
</field>

<field label="parent" ID="13" parentID="10">
   <types> <type ID="10"/> <type ID="10"/> </types>
</field>

<field label="attrs" ID="14" parentID="10">
   <tuple> <atom label="Class$0"/> <atom label="Attribute$23"/> </tuple>
   <tuple> <atom label="Class$1"/> <atom label="Attribute$20"/> </tuple>
   <tuple> <atom label="Class$2"/> <atom label="Attribute$21"/> </tuple>
   <tuple> <atom label="Class$3"/> <atom label="Attribute$24"/> </tuple>
   <tuple> <atom label="Class$4"/> <atom label="Attribute$22"/> </tuple>
   <types> <type ID="10"/> <type ID="15"/> </types>
</field>

<sig label="Association" ID="7" parentID="0">
   <atom label="Association$0"/>
   <atom label="Association$1"/>
   <atom label="Association$2"/>
   <atom label="Association$3"/>
   <atom label="Association$4"/>
   <atom label="Association$5"/>
   <atom label="Association$6"/>
   <atom label="Association$7"/>
   <atom label="Association$8"/>
   <atom label="Association$9"/>
   <atom label="Association$10"/>
   <atom label="Association$11"/>
   <atom label="Association$12"/>
   <atom label="Association$13"/>
   <atom label="Association$14"/>
</sig>

<field label="name" ID="16" parentID="7">
   <tuple> <atom label="Association$0"/> <atom label="15"/> </tuple>
   <tuple> <atom label="Association$1"/> <atom label="12"/> </tuple>
   <tuple> <atom label="Association$2"/> <atom label="12"/> </tuple>
   <tuple> <atom label="Association$3"/> <atom label="-7"/> </tuple>
   <tuple> <atom label="Association$4"/> <atom label="-16"/> </tuple>
   <tuple> <atom label="Association$5"/> <atom label="-16"/> </tuple>
   <tuple> <atom label="Association$6"/> <atom label="15"/> </tuple>
   <tuple> <atom label="Association$7"/> <atom label="3"/> </tuple>
   <tuple> <atom label="Association$8"/> <atom label="-15"/> </tuple>
   <tuple> <atom label="Association$9"/> <atom label="-16"/> </tuple>
   <tuple> <atom label="Association$10"/> <atom label="14"/> </tuple>
   <tuple> <atom label="Association$11"/> <atom label="12"/> </tuple>
   <tuple> <atom label="Association$12"/> <atom label="10"/> </tuple>
   <tuple> <atom label="Association$13"/> <atom label="9"/> </tuple>
   <tuple> <atom label="Association$14"/> <atom label="-14"/> </tuple>
   <types> <type ID="7"/> <type ID="1"/> </types>
</field>

<field label="dest" ID="17" parentID="7">
   <tuple> <atom label="Association$0"/> <atom label="Class$4"/> </tuple>
   <tuple> <atom label="Association$1"/> <atom label="Class$4"/> </tuple>
   <tuple> <atom label="Association$2"/> <atom label="Class$4"/> </tuple>
   <tuple> <atom label="Association$3"/> <atom label="Class$4"/> </tuple>
   <tuple> <atom label="Association$4"/> <atom label="Class$4"/> </tuple>
   <tuple> <atom label="Association$5"/> <atom label="Class$4"/> </tuple>
   <tuple> <atom label="Association$6"/> <atom label="Class$3"/> </tuple>
   <tuple> <atom label="Association$7"/> <atom label="Class$3"/> </tuple>
   <tuple> <atom label="Association$8"/> <atom label="Class$2"/> </tuple>
   <tuple> <atom label="Association$9"/> <atom label="Class$2"/> </tuple>
   <tuple> <atom label="Association$10"/> <atom label="Class$1"/> </tuple>
   <tuple> <atom label="Association$11"/> <atom label="Class$0"/> </tuple>
   <tuple> <atom label="Association$12"/> <atom label="Class$0"/> </tuple>
   <tuple> <atom label="Association$13"/> <atom label="Class$0"/> </tuple>
   <tuple> <atom label="Association$14"/> <atom label="Class$0"/> </tuple>
   <types> <type ID="7"/> <type ID="10"/> </types>
</field>

<field label="src" ID="18" parentID="7">
   <tuple> <atom label="Association$0"/> <atom label="Class$2"/> </tuple>
   <tuple> <atom label="Association$1"/> <atom label="Class$4"/> </tuple>
   <tuple> <atom label="Association$2"/> <atom label="Class$1"/> </tuple>
   <tuple> <atom label="Association$3"/> <atom label="Class$3"/> </tuple>
   <tuple> <atom label="Association$4"/> <atom label="Class$2"/> </tuple>
   <tuple> <atom label="Association$5"/> <atom label="Class$4"/> </tuple>
   <tuple> <atom label="Association$6"/> <atom label="Class$4"/> </tuple>
   <tuple> <atom label="Association$7"/> <atom label="Class$1"/> </tuple>
   <tuple> <atom label="Association$8"/> <atom label="Class$0"/> </tuple>
   <tuple> <atom label="Association$9"/> <atom label="Class$1"/> </tuple>
   <tuple> <atom label="Association$10"/> <atom label="Class$3"/> </tuple>
   <tuple> <atom label="Association$11"/> <atom label="Class$3"/> </tuple>
   <tuple> <atom label="Association$12"/> <atom label="Class$0"/> </tuple>
   <tuple> <atom label="Association$13"/> <atom label="Class$4"/> </tuple>
   <tuple> <atom label="Association$14"/> <atom label="Class$3"/> </tuple>
   <types> <type ID="7"/> <type ID="10"/> </types>
</field>

<sig label="Attribute" ID="15" parentID="0">
   <atom label="Attribute$0"/>
   <atom label="Attribute$1"/>
   <atom label="Attribute$2"/>
   <atom label="Attribute$3"/>
   <atom label="Attribute$4"/>
   <atom label="Attribute$5"/>
   <atom label="Attribute$6"/>
   <atom label="Attribute$7"/>
   <atom label="Attribute$8"/>
   <atom label="Attribute$9"/>
   <atom label="Attribute$10"/>
   <atom label="Attribute$11"/>
   <atom label="Attribute$12"/>
   <atom label="Attribute$13"/>
   <atom label="Attribute$14"/>
   <atom label="Attribute$15"/>
   <atom label="Attribute$16"/>
   <atom label="Attribute$17"/>
   <atom label="Attribute$18"/>
   <atom label="Attribute$19"/>
   <atom label="Attribute$20"/>
   <atom label="Attribute$21"/>
   <atom label="Attribute$22"/>
   <atom label="Attribute$23"/>
   <atom label="Attribute$24"/>
</sig>

<field label="name" ID="19" parentID="15">
   <tuple> <atom label="Attribute$0"/> <atom label="14"/> </tuple>
   <tuple> <atom label="Attribute$1"/> <atom label="13"/> </tuple>
   <tuple> <atom label="Attribute$2"/> <atom label="8"/> </tuple>
   <tuple> <atom label="Attribute$3"/> <atom label="6"/> </tuple>
   <tuple> <atom label="Attribute$4"/> <atom label="3"/> </tuple>
   <tuple> <atom label="Attribute$5"/> <atom label="3"/> </tuple>
   <tuple> <atom label="Attribute$6"/> <atom label="-7"/> </tuple>
   <tuple> <atom label="Attribute$7"/> <atom label="-7"/> </tuple>
   <tuple> <atom label="Attribute$8"/> <atom label="-7"/> </tuple>
   <tuple> <atom label="Attribute$9"/> <atom label="-7"/> </tuple>
   <tuple> <atom label="Attribute$10"/> <atom label="-7"/> </tuple>
   <tuple> <atom label="Attribute$11"/> <atom label="-7"/> </tuple>
   <tuple> <atom label="Attribute$12"/> <atom label="-7"/> </tuple>
   <tuple> <atom label="Attribute$13"/> <atom label="-7"/> </tuple>
   <tuple> <atom label="Attribute$14"/> <atom label="-7"/> </tuple>
   <tuple> <atom label="Attribute$15"/> <atom label="-7"/> </tuple>
   <tuple> <atom label="Attribute$16"/> <atom label="-10"/> </tuple>
   <tuple> <atom label="Attribute$17"/> <atom label="-11"/> </tuple>
   <tuple> <atom label="Attribute$18"/> <atom label="-11"/> </tuple>
   <tuple> <atom label="Attribute$19"/> <atom label="-13"/> </tuple>
   <tuple> <atom label="Attribute$20"/> <atom label="-13"/> </tuple>
   <tuple> <atom label="Attribute$21"/> <atom label="-13"/> </tuple>
   <tuple> <atom label="Attribute$22"/> <atom label="-13"/> </tuple>
   <tuple> <atom label="Attribute$23"/> <atom label="-16"/> </tuple>
   <tuple> <atom label="Attribute$24"/> <atom label="-16"/> </tuple>
   <types> <type ID="15"/> <type ID="1"/> </types>
</field>

<field label="is_primary" ID="20" parentID="15">
   <tuple> <atom label="Attribute$0"/> <atom label="Bool/False"/> </tuple>
   <tuple> <atom label="Attribute$1"/> <atom label="Bool/False"/> </tuple>
   <tuple> <atom label="Attribute$2"/> <atom label="Bool/False"/> </tuple>
   <tuple> <atom label="Attribute$3"/> <atom label="Bool/True"/> </tuple>
   <tuple> <atom label="Attribute$4"/> <atom label="Bool/True"/> </tuple>
   <tuple> <atom label="Attribute$5"/> <atom label="Bool/True"/> </tuple>
   <tuple> <atom label="Attribute$6"/> <atom label="Bool/True"/> </tuple>
   <tuple> <atom label="Attribute$7"/> <atom label="Bool/True"/> </tuple>
   <tuple> <atom label="Attribute$8"/> <atom label="Bool/True"/> </tuple>
   <tuple> <atom label="Attribute$9"/> <atom label="Bool/True"/> </tuple>
   <tuple> <atom label="Attribute$10"/> <atom label="Bool/True"/> </tuple>
   <tuple> <atom label="Attribute$11"/> <atom label="Bool/True"/> </tuple>
   <tuple> <atom label="Attribute$12"/> <atom label="Bool/True"/> </tuple>
   <tuple> <atom label="Attribute$13"/> <atom label="Bool/True"/> </tuple>
   <tuple> <atom label="Attribute$14"/> <atom label="Bool/True"/> </tuple>
   <tuple> <atom label="Attribute$15"/> <atom label="Bool/True"/> </tuple>
   <tuple> <atom label="Attribute$16"/> <atom label="Bool/True"/> </tuple>
   <tuple> <atom label="Attribute$17"/> <atom label="Bool/True"/> </tuple>
   <tuple> <atom label="Attribute$18"/> <atom label="Bool/True"/> </tuple>
   <tuple> <atom label="Attribute$19"/> <atom label="Bool/True"/> </tuple>
   <tuple> <atom label="Attribute$20"/> <atom label="Bool/True"/> </tuple>
   <tuple> <atom label="Attribute$21"/> <atom label="Bool/True"/> </tuple>
   <tuple> <atom label="Attribute$22"/> <atom label="Bool/True"/> </tuple>
   <tuple> <atom label="Attribute$23"/> <atom label="Bool/True"/> </tuple>
   <tuple> <atom label="Attribute$24"/> <atom label="Bool/True"/> </tuple>
   <types> <type ID="15"/> <type ID="12"/> </types>
</field>

<field label="type" ID="21" parentID="15">
   <tuple> <atom label="Attribute$0"/> <atom label="PrimitiveDataType$3"/> </tuple>
   <tuple> <atom label="Attribute$1"/> <atom label="PrimitiveDataType$2"/> </tuple>
   <tuple> <atom label="Attribute$2"/> <atom label="PrimitiveDataType$3"/> </tuple>
   <tuple> <atom label="Attribute$3"/> <atom label="PrimitiveDataType$3"/> </tuple>
   <tuple> <atom label="Attribute$4"/> <atom label="Class$3"/> </tuple>
   <tuple> <atom label="Attribute$5"/> <atom label="PrimitiveDataType$1"/> </tuple>
   <tuple> <atom label="Attribute$6"/> <atom label="PrimitiveDataType$3"/> </tuple>
   <tuple> <atom label="Attribute$7"/> <atom label="PrimitiveDataType$3"/> </tuple>
   <tuple> <atom label="Attribute$8"/> <atom label="Class$4"/> </tuple>
   <tuple> <atom label="Attribute$9"/> <atom label="Class$2"/> </tuple>
   <tuple> <atom label="Attribute$10"/> <atom label="Class$3"/> </tuple>
   <tuple> <atom label="Attribute$11"/> <atom label="Class$2"/> </tuple>
   <tuple> <atom label="Attribute$12"/> <atom label="PrimitiveDataType$1"/> </tuple>
   <tuple> <atom label="Attribute$13"/> <atom label="Class$2"/> </tuple>
   <tuple> <atom label="Attribute$14"/> <atom label="Class$4"/> </tuple>
   <tuple> <atom label="Attribute$15"/> <atom label="PrimitiveDataType$1"/> </tuple>
   <tuple> <atom label="Attribute$16"/> <atom label="Class$4"/> </tuple>
   <tuple> <atom label="Attribute$17"/> <atom label="Class$3"/> </tuple>
   <tuple> <atom label="Attribute$18"/> <atom label="PrimitiveDataType$0"/> </tuple>
   <tuple> <atom label="Attribute$19"/> <atom label="PrimitiveDataType$2"/> </tuple>
   <tuple> <atom label="Attribute$20"/> <atom label="PrimitiveDataType$1"/> </tuple>
   <tuple> <atom label="Attribute$21"/> <atom label="PrimitiveDataType$1"/> </tuple>
   <tuple> <atom label="Attribute$22"/> <atom label="PrimitiveDataType$3"/> </tuple>
   <tuple> <atom label="Attribute$23"/> <atom label="PrimitiveDataType$1"/> </tuple>
   <tuple> <atom label="Attribute$24"/> <atom label="PrimitiveDataType$1"/> </tuple>
   <types> <type ID="15"/> <type ID="5"/> </types>
</field>

<sig label="Bool/Bool" ID="12" parentID="0" abstract="yes">
   <atom label="Bool/True"/>
   <atom label="Bool/False"/>
</sig>

<sig label="Bool/True" ID="22" parentID="12" one="yes">
   <atom label="Bool/True"/>
</sig>

<sig label="Bool/False" ID="23" parentID="12" one="yes">
   <atom label="Bool/False"/>
</sig>

</instance>

</alloy>
